,country,year,Life Ladder,Log GDP per capita,Social support,Healthy life expectancy at birth,Freedom to make life choices,Generosity,Perceptions of corruption,Positive affect,Negative affect,Confidence in national government,Democratic Quality,Delivery Quality,Standard deviation of ladder by country-year,Standard deviation/Mean of ladder by country-year,"GINI index (World Bank estimate), average 2000-15","gini of household income reported in Gallup, by wp5-year"
1,Afghanistan,2016,4.220168591,7.461400986,0.559071779,52.01652908,0.522566199,0.057072122,0.793245554,0.564952672,0.348332286,0.324989557,-1.917693496,-1.432547569,1.796219468,0.42562741,NA,0.418629497
2,Afghanistan,2017,2.66171813,7.460143566,0.490880072,52.33952713,0.427010864,-0.106340349,0.954392552,0.49634856,0.371326178,0.261178523,NA,NA,1.454050779,0.546282768,NA,0.286598861
3,Albania,2016,4.511100769,9.337774277,0.638411462,68.87181091,0.72981894,-0.023275997,0.901070774,0.675243735,0.321705997,0.400909811,0.208455563,-0.139161408,2.646668196,0.586701214,0.30325,0.416540354
4,Albania,2017,4.639548302,9.373718262,0.637698293,69.05165863,0.74961102,-0.035140377,0.876134634,0.669240892,0.33388412,0.457737535,NA,NA,2.682104826,0.578096092,0.30325,0.41048798
5,Algeria,2016,5.340853691,9.541166306,0.748588264,65.50951385,NA,NA,NA,0.66051048,0.377111971,NA,-1.008261681,-0.814303935,2.114553452,0.395920485,0.276,0.604616702
6,Algeria,2017,5.248912334,9.540244102,0.806753874,65.69918823,0.436670482,-0.194670126,0.699774206,0.641979635,0.288710028,NA,NA,NA,2.039764643,0.388607115,0.276,0.527555764
7,Argentina,2016,6.427221298,9.824954987,0.882819116,67.39851379,0.847702205,-0.191952422,0.850924492,0.841906726,0.311646461,0.419561833,0.381369591,-0.238001987,2.127108574,0.330953062,0.476066667,0.332070827
8,Argentina,2017,6.039330006,9.843519211,0.906699121,67.53870392,0.831966162,-0.186299905,0.841052473,0.809422612,0.291717261,0.305430293,NA,NA,2.409328938,0.398939759,0.476066667,0.394175798
9,Armenia,2016,4.325471878,9.010698318,0.709218323,64.96273041,0.610986948,-0.158838838,0.921421051,0.593600273,0.437227815,0.184713036,-0.609074652,-0.143277928,2.126364231,0.491591275,0.325066667,0.381563634
10,Armenia,2017,4.287736416,9.034710884,0.697924912,65.12568665,0.613697052,-0.132166177,0.86468333,0.625013828,0.43714875,0.246900991,NA,NA,2.325378895,0.54233253,0.325066667,0.478876591
11,Australia,2016,7.250080109,10.70131111,0.942334235,72.65033722,0.922315717,0.223268315,0.398545116,0.790868282,0.236085787,0.452731758,1.132216096,1.751191378,1.698827863,0.234318495,0.34275,0.520914137
12,Australia,2017,7.25703764,10.71182728,0.949957848,72.78334045,0.910550177,0.301693261,0.411346525,0.780078888,0.225360975,0.45340696,NA,NA,1.745698929,0.240552559,0.34275,0.428340912
13,Austria,2016,7.048071861,10.70004845,0.926318586,72.04971313,0.888513982,0.071684547,0.52364099,0.755902588,0.197423846,0.432638228,1.05376327,1.568969846,1.704400182,0.241825029,0.303818182,0.292294294
14,Austria,2017,7.293727875,10.71622562,0.906217813,72.35971069,0.890030563,0.124996737,0.518303812,0.747568727,0.18026872,0.43590793,NA,NA,1.561061978,0.214028001,0.303818182,0.322941631
15,Azerbaijan,2016,5.303894997,9.679969788,0.777271032,62.96992874,0.712573171,-0.227940142,0.606770813,0.597593486,0.191117197,0.734052122,-1.236555338,-0.468448669,1.613181591,0.304150373,0.228833333,0.288716018
16,Azerbaijan,2017,5.152279377,9.65392971,0.787039399,63.07531357,0.731030464,-0.247480661,0.652539015,0.592359245,0.19831866,0.766583443,NA,NA,1.673756838,0.324857533,0.228833333,0.313743263
17,Bahrain,2016,6.169673443,10.70677662,0.862700105,66.00422668,0.888691068,0.071743779,NA,0.787187219,0.283466339,NA,-1.154168129,0.333238959,2.259225607,0.366182357,NA,0.482455522
18,Bahrain,2017,6.227320671,10.68671322,0.875747144,66.12399292,0.905858517,0.120759174,NA,0.813570559,0.289759517,NA,NA,NA,2.215525627,0.355775088,NA,0.446609318
19,Bangladesh,2016,4.5561409,8.107524872,0.649116933,62.20419693,0.874700487,-0.082764864,0.687853634,0.559939086,0.235022455,0.845429063,-0.899546862,-0.719571948,1.982582808,0.435145199,0.329,0.440177441
20,Bangladesh,2017,4.309771061,8.163092613,0.712552786,62.50415421,0.896217167,0.017536195,0.635014474,0.568827093,0.21350576,0.876646459,NA,NA,1.865365982,0.432822526,0.329,0.53275013
21,Belarus,2016,5.177899361,9.725690842,0.926551104,66.02493286,0.658228815,-0.136783347,0.664055169,0.553870201,0.182106122,0.452669024,-0.635685742,-0.630231619,1.777631164,0.34331125,0.281875,0.316431254
22,Belarus,2017,5.552915096,9.719829559,0.900255799,66.60596466,0.620979249,-0.130582094,0.654113412,0.540905774,0.232768074,0.447916299,NA,NA,1.662563682,0.299403757,0.281875,0.283250213
23,Belgium,2016,6.948936462,10.64682102,0.928964078,72.14292908,0.865759015,-0.064890452,0.4966591,0.764590085,0.259653389,0.419177502,0.91794914,1.418199778,1.497023702,0.215432063,0.285181818,0.348629802
24,Belgium,2017,6.928347588,10.65765381,0.921639085,72.14292908,0.856801987,0.045481469,0.543046057,0.786367595,0.233597696,0.449731916,NA,NA,1.510013223,0.217947096,0.285181818,0.354373842
25,Benin,2016,4.007357597,7.605870724,0.492815852,51.56885147,0.779795229,-0.040266801,0.837715745,0.608236969,0.455767602,0.63744539,0.275336444,-0.557726622,2.191754103,0.546932518,0.432666667,0.464345634
26,Benin,2017,4.853180885,7.632502556,0.435878992,51.79475021,0.72680825,-0.040269434,0.767234623,0.614722311,0.457920343,0.615089297,NA,NA,2.998126507,0.617765248,0.432666667,0.5770697
27,Bolivia,2016,5.769723415,8.811049461,0.795958757,59.99718094,0.881748736,-0.042584933,0.852592945,0.783008873,0.376412243,0.40174228,-0.097718753,-0.852042377,2.050573111,0.355402321,0.531642857,0.430949569
28,Bolivia,2017,5.65055275,8.832608223,0.778661788,60.34379578,0.883904934,-0.115987852,0.819261968,0.698195398,0.43394354,0.427632958,NA,NA,2.250484228,0.398276836,0.531642857,0.40588659
29,Bosnia and Herzegovina,2016,5.180865288,9.334980965,0.807705104,67.83840942,0.633453727,0.132285133,0.957311988,0.640764356,0.304080278,0.212188497,-0.27105844,-0.341164827,2.216048717,0.427737176,0.32725,0.398743331
30,Bosnia and Herzegovina,2017,5.089902401,9.371712685,0.775295258,67.99448395,0.563798666,0.089589462,0.923343062,0.597341657,0.270745516,0.126379713,NA,NA,2.281006575,0.448143482,0.32725,0.486203879
31,Botswana,2016,3.498936653,9.662895203,0.768302798,57.10989761,0.851694882,-0.262038291,0.729171813,0.68566674,0.251836598,0.803130805,0.758626878,0.622945905,2.685791492,0.767602205,0.626,0.658420265
32,Botswana,2017,3.504881144,9.6836586,0.768258631,58.01321411,0.817308009,-0.258249283,0.731441498,0.656396449,0.276252508,0.770821095,NA,NA,2.669425488,0.761630833,0.626,0.637864351
33,Brazil,2016,6.374817371,9.548503876,0.912455142,65.2454071,0.806571543,-0.112877078,0.781092763,0.763112426,0.30208382,0.264140248,0.010510072,-0.226890311,2.518039227,0.394997865,0.550214286,0.450316846
34,Brazil,2017,6.332929134,9.547693253,0.904694259,65.45373535,0.764792562,-0.187264696,0.794457376,0.715945125,0.307716906,0.16549027,NA,NA,2.530506134,0.399579108,0.550214286,0.39262256
35,Bulgaria,2016,4.837560654,9.786640167,0.92603606,66.4154892,0.700265527,-0.176258981,0.935988188,0.62185514,0.171699852,0.221241772,0.231031746,0.187336802,1.917592525,0.396396577,0.354666667,0.353391379
36,Bulgaria,2017,5.096901894,9.822961807,0.94175458,66.4154892,0.689047039,-0.160038665,0.910799742,0.614216745,0.188637346,0.326087952,NA,NA,1.852363825,0.363429368,0.354666667,0.343219519
37,Burkina Faso,2016,4.205634594,7.403783321,0.764401138,51.99484634,0.644681513,0.011582303,0.720542431,0.616066873,0.337300181,0.663711369,-0.453631699,-0.378775179,1.966713428,0.467637748,0.394666667,0.559157968
38,Burkina Faso,2017,4.646891117,7.434531212,0.784761369,52.3994751,0.613774717,-0.051286779,0.727451324,0.585172474,0.353821069,0.540656149,NA,NA,2.19759202,0.472916603,0.394666667,0.553144336
39,Cambodia,2016,4.461259365,8.150504112,0.745901227,58.32095718,0.957821488,0.075221501,0.840416849,0.838551998,0.398200303,0.739886224,-0.482522547,-0.888280451,2.560576439,0.573958218,NA,0.548649073
40,Cambodia,2017,4.585842133,8.202580452,0.765094936,58.63087463,0.963774681,0.086719364,0.821022928,0.798616648,0.40828383,0.752442479,NA,NA,2.732651472,0.595888674,NA,0.545690596
41,Cameroon,2016,4.816232204,8.115765572,0.659299791,49.73761749,0.71250701,-0.00575576,0.87945056,0.661523461,0.367093384,0.621221066,-0.988149583,-0.926232636,2.363250971,0.490684599,0.438,0.559192836
42,Cameroon,2017,5.07405138,8.128399849,0.69459641,50.14022446,0.766945004,-0.031055631,0.84358561,0.632338762,0.377498746,0.578775525,NA,NA,2.815224409,0.55482775,0.438,0.565237224
43,Canada,2016,7.244845867,10.6709938,0.924392521,72.26780701,0.912423909,0.19691582,0.385090441,0.824586391,0.237422869,0.618195295,1.310352206,1.838850021,1.776463032,0.245203704,0.3368,0.606446326
44,Central African Republic,2016,2.693061113,6.473706245,0.29018417,43.98196793,0.624056518,0.058876671,0.859073043,0.578653812,0.49426806,0.748754561,-1.433270812,-1.578397632,2.250887394,0.835810006,0.499,0.660534203
45,Central African Republic,2017,3.475862026,NA,0.319589138,44.64535141,0.645252347,NA,0.889566004,0.613865197,0.599335492,0.650284886,NA,NA,2.807073832,0.807590723,0.499,0.715371251
46,Chad,2016,4.029350281,7.520730019,0.616204858,45.66236115,0.525222123,0.043290634,0.819788873,0.582458258,0.467566758,0.513021767,-1.275645733,-1.388920188,2.435532808,0.60444802,0.4155,0.50333178
47,Chad,2017,4.558937073,7.490785122,0.660615563,45.98406219,0.614849687,-0.002929057,0.792389929,0.627503157,0.53824544,0.473544389,NA,NA,2.880960464,0.631936908,0.4155,0.561519265
48,Chile,2016,6.579056263,10.03041649,0.841388166,69.43727112,0.652289748,0.087949701,0.858124971,0.869228899,0.283042103,0.203538865,0.755190849,1.157341003,1.986255407,0.301905811,0.491571429,0.48013857
49,Chile,2017,6.320119381,10.03757858,0.879840791,69.60894012,0.790116489,-0.035265177,0.835987508,0.83847481,0.291042089,0.268283308,NA,NA,2.162420273,0.342148632,0.491571429,0.574647009
50,China,2016,5.32495594,9.57494545,0.741703033,69.15781403,NA,-0.247030765,NA,0.826144397,0.145625159,NA,-1.06862545,-0.095582724,1.99633801,0.374902248,0.425,0.538626552
51,China,2017,5.099061489,9.635466576,0.772033215,69.30279541,0.877617598,-0.194634736,NA,0.821097255,0.214004755,NA,NA,NA,2.271663904,0.445506275,0.425,0.633354962
52,Colombia,2016,6.233715057,9.482222557,0.88190037,63.98321533,0.834966123,-0.108304106,0.897553861,0.793531477,0.294222772,0.261251181,-0.432327121,-0.057220649,2.56872344,0.41206944,0.5525,0.558657408
53,Colombia,2017,6.157341957,9.490860939,0.909249961,64.13578033,0.837554634,-0.165878147,0.87501812,0.836926997,0.299308956,0.221882597,NA,NA,2.544821501,0.413298726,0.5525,0.542027473
54,Congo (Brazzaville),2016,4.119493484,8.575725555,0.615449011,54.80181885,0.785906553,-0.108046286,0.790385723,0.610304952,0.303666711,0.483075261,-0.862936854,-1.127766609,2.678600073,0.65022558,0.481,0.484639436
55,Congo (Brazzaville),2017,4.883991241,8.559967995,0.655440509,55.28945923,0.777783453,-0.168748975,0.76278311,0.598951638,0.381640553,0.469826549,NA,NA,2.906801224,0.595169187,0.481,0.477259427
56,Congo (Kinshasa),2016,4.521935463,6.611898899,0.864154518,50.42893219,0.637366712,0.003774248,0.874999642,0.6462695,0.222411484,0.281824946,-1.79395628,-1.4439677,1.629728436,0.360405058,0.4215,0.464596361
57,Congo (Kinshasa),2017,4.311033249,6.625340939,0.669688404,50.78821945,0.704239547,0.095792539,0.809181869,0.550525904,0.404262066,0.4784123,NA,NA,2.642479181,0.612957299,0.4215,0.63245213
58,Costa Rica,2016,7.135617733,9.642219543,0.900701284,69.6995697,0.872971952,-0.034256343,0.780562043,0.87358439,0.281422287,0.279027581,0.940237939,0.482191563,2.143647194,0.300415069,0.4913125,0.503161848
59,Costa Rica,2017,7.22518158,9.67063427,0.92169714,69.86730194,0.93561846,-0.078268528,0.742350757,0.874395847,0.275440067,0.407448441,NA,NA,2.07998395,0.287879825,0.4913125,0.469308227
60,Croatia,2016,5.416875362,9.978000641,0.798332155,67.19199371,0.671970546,-0.069945291,0.884059787,0.613685668,0.336541265,0.30339098,0.596550703,0.368032664,1.933725119,0.356981665,0.323333333,0.357812405
61,Croatia,2017,5.343165874,10.01418877,0.770309687,67.01551056,0.715822279,-0.109417252,0.89155972,0.655305028,0.316488236,0.211000666,NA,NA,1.570821404,0.293987006,0.323333333,0.338284969
62,Cyprus,2016,5.794618607,10.34802914,0.786438465,72.6102829,0.756220996,-0.038520422,0.897639513,0.742049396,0.336344689,0.333909512,0.826713324,0.895346284,2.420550823,0.417723924,0.324909091,0.398189485
63,Cyprus,2017,6.062051296,10.36136723,0.818671048,72.76279449,0.811670661,0.036286667,0.851206422,0.784188449,0.300516605,0.312653422,NA,NA,2.369524956,0.390878409,0.324909091,0.410138428
64,Czech Republic,2016,6.735627174,10.35305977,0.930592895,70.87710571,0.850328267,-0.205266893,0.900430739,0.755701959,0.201041639,0.415120721,1.019347548,0.910852969,1.682170749,0.249742255,0.264727273,0.29053387
65,Czech Republic,2017,6.789567947,10.39345932,0.900968969,71.45102692,0.8317855,-0.184590086,0.866524994,0.738743961,0.226649791,0.343870819,NA,NA,1.697134495,0.249962077,0.264727273,0.282945663
66,Denmark,2016,7.55778265,10.73566341,0.954451501,71.3125,0.948230565,0.127811879,0.209893376,0.836115718,0.207583427,0.467660695,1.161069393,1.900531411,1.611469865,0.213219926,0.267090909,0.50498873
67,Denmark,2017,7.593702316,10.74898911,0.952100098,71.66249847,0.955416322,0.145387098,0.18114756,0.823667407,0.205775306,0.572353303,NA,NA,1.66807425,0.219665483,0.267090909,0.630812943
68,Dominican Republic,2016,5.238698483,9.553850174,0.894753456,63.335289,0.872712433,-0.08508078,0.737182975,0.759945571,0.278095126,0.549424827,0.238922775,-0.344927371,3.112091541,0.594058156,0.4886875,0.484080136
69,Dominican Republic,2017,5.605202675,9.594573975,0.894368112,63.49599457,0.855359018,-0.127092183,0.760489643,0.738943636,0.274745524,0.459901333,NA,NA,3.240837097,0.57818377,0.4886875,0.480913222
70,Ecuador,2016,6.115437508,9.251891136,0.842352092,67.14689636,0.846336305,-0.020777568,0.774084151,0.846354008,0.365246594,0.474427789,-0.172825217,-0.704167545,2.426242828,0.396740675,0.505928571,0.387520909
71,Ecuador,2017,5.839518547,9.22326088,0.848941743,67.3420639,0.879128158,-0.169955462,0.733588755,0.829141974,0.314343482,0.640512884,NA,NA,2.693175316,0.461198181,0.505928571,0.41333431
72,Egypt,2016,4.556740761,9.24176693,0.809218585,61.41390228,0.655845225,-0.15103294,0.817527413,0.611369669,0.37049821,0.619130909,-1.322574735,-0.654946685,2.055170298,0.451017618,0.3122,0.362563461
73,Egypt,2017,3.929344177,9.260223389,0.63822639,61.5737915,0.592504799,-0.161944747,NA,0.539322555,0.414493799,NA,NA,NA,2.289860725,0.582759023,0.3122,0.38081485
74,El Salvador,2016,6.139824867,8.985945702,0.793659985,64.09453583,0.799847007,-0.193339467,0.797312021,0.761255682,0.345736474,0.251704782,0.109323271,-0.364584833,2.598125935,0.423159629,0.4611875,0.457764566
75,El Salvador,2017,6.339318275,9.001176834,0.82895261,64.31137085,0.757827342,-0.180290967,0.777748585,0.848850608,0.268448353,0.270235062,NA,NA,2.477155924,0.39076063,0.4611875,0.402195245
76,Estonia,2016,5.649675369,10.24334908,0.937715113,67.19949341,0.842770696,-0.158623278,0.639085293,0.72625488,0.176869258,0.339834303,0.946931064,1.317937613,1.753086329,0.310298592,0.333,0.343596786
77,Estonia,2017,5.938395977,10.2858448,0.93568635,67.28438568,0.861749232,-0.109588325,0.668402255,0.805217981,0.160164103,0.405946255,NA,NA,1.8518399,0.311841756,0.333,0.396599621
78,Ethiopia,2016,4.297848701,7.382928848,0.718718708,56.29738235,0.744307697,0.048651736,0.702880859,0.727070868,0.253940523,0.748945594,-1.507640004,-0.643243372,1.808982134,0.4209041,0.315,0.520988226
79,Ethiopia,2017,4.180315495,7.43928194,0.73353976,56.72826767,0.717101216,0.011871224,0.75689894,0.608514786,0.304436177,0.768354297,NA,NA,1.829915881,0.437745869,0.315,0.420267493
80,Finland,2016,7.659843445,10.58463955,0.953940451,71.51737213,0.948372185,-0.03667929,0.249659568,0.797325075,0.181998447,0.485727251,1.223631263,1.99170208,1.479018688,0.193087325,0.275909091,0.394821227
81,Finland,2017,7.788251877,10.61233807,0.963826418,71.69696045,0.962198973,-0.012173655,0.192412779,0.787137091,0.176065788,0.59753859,NA,NA,1.416398287,0.181863442,0.275909091,0.425614446
82,France,2016,6.475208759,10.54688931,0.884922922,72.58893585,0.786780477,-0.10183014,0.622697055,0.772661328,0.27003625,0.283978164,0.506173968,1.312436581,1.801529646,0.278219551,0.3203,0.340985149
83,France,2017,6.635222435,10.56077385,0.931494594,72.58893585,0.83389014,-0.133584961,0.601486027,0.762097776,0.241983935,0.37479353,NA,NA,1.631064415,0.245819107,0.3203,0.372855246
84,Gabon,2016,4.831764221,9.728300095,0.780048966,56.71354675,0.698942363,-0.226150796,0.816563547,0.640116572,0.432404667,0.378069758,-0.516067624,-0.730402172,2.214463711,0.458313704,0.422,0.55723691
85,Gabon,2017,4.782382965,9.715631485,0.806941152,57.1261673,0.652359545,-0.2508322,0.868305504,0.634047151,0.446124285,0.286989242,NA,NA,2.457131147,0.513788044,0.422,0.58923018
86,Georgia,2016,4.448386192,9.135268211,0.533412278,64.2196579,0.606468379,-0.237453327,0.560924053,0.563896,0.223224476,0.344541132,-0.034774855,0.640127957,1.960208535,0.440656096,0.4034375,0.4409917
87,Georgia,2017,4.45077467,9.1690979,0.590495169,64.34745026,0.820908785,-0.231422603,0.589631975,0.581127703,0.209639609,0.296396226,NA,NA,1.775079966,0.39882496,0.4034375,0.454276502
88,Germany,2016,6.873763084,10.69784451,0.906029284,71.07910156,0.870515049,0.138018474,0.445922136,0.737745941,0.187254936,0.552613556,1.043180943,1.748804927,1.775906086,0.258360088,0.311571429,0.354512513
89,Germany,2017,7.074324608,10.71118355,0.892166078,71.07910156,0.840727866,0.135307536,0.414021194,0.736565709,0.196434811,0.622935653,NA,NA,1.441730261,0.203797579,0.311571429,0.319597334
90,Ghana,2016,4.514411449,8.289088249,0.647303164,54.61029434,0.75116837,0.094788618,0.893955231,0.668263912,0.304909706,0.516604602,0.240180761,-0.151163995,2.737042665,0.606290042,0.425,0.543426812
91,Ghana,2017,5.481310844,8.326971054,0.669111073,54.8658905,0.783046365,0.084990479,0.838609993,0.702511728,0.247518942,0.670288563,NA,NA,2.551119566,0.465421438,0.425,0.50120151
92,Greece,2016,5.302619457,10.09730911,0.802605867,71.647789,0.481616855,-0.266483158,0.898470819,0.700504363,0.336207509,0.132486552,0.257411957,0.125827178,2.317297935,0.43701005,0.346909091,0.317848623
93,Greece,2017,5.14824152,10.11751747,0.752899528,71.7803421,0.438300014,-0.296734989,0.87223947,0.60293901,0.332830757,0.139880896,NA,NA,2.411631107,0.468437821,0.346909091,0.346705943
94,Guatemala,2016,6.358916283,8.904734612,0.811235487,63.14004898,0.862675726,0.008398513,0.812030017,0.846122503,0.321357191,0.468962193,-0.422242403,-0.646931469,2.699421883,0.424509734,0.52675,0.48915869
95,Guatemala,2017,6.325118542,8.918908119,0.826492071,63.38197708,0.914521694,-0.0617286,0.799747884,0.845865786,0.308086157,0.458623856,NA,NA,2.858946085,0.4519988,0.52675,0.495318562
96,Guinea,2016,3.602854729,7.508424759,0.675447047,50.66684341,0.725685179,-0.043400712,0.802781165,0.686984658,0.374393791,0.465695828,-0.569726825,-1.026624203,2.118486643,0.588002264,0.387,0.520185173
97,Guinea,2017,4.873722553,7.527477264,0.634025574,51.15181732,0.738212824,0.054307584,0.750026226,0.704477131,0.422460884,0.639980793,NA,NA,2.969935417,0.609377205,0.387,0.618353307
98,Haiti,2016,3.352300167,7.410928726,0.58374244,53.09737778,0.303540409,0.294325322,0.838523149,0.552774072,0.367341012,0.146064624,-0.702020884,-1.410874009,2.188143969,0.652729154,0.409,0.613710284
99,Haiti,2017,3.823865652,7.403176308,0.646984994,53.34700775,0.484429151,0.384510309,0.647191584,0.573366702,0.321692765,0.435076952,NA,NA,2.15694499,0.564074457,0.409,0.574473023
100,Honduras,2016,5.648154736,8.387600899,0.773909986,63.58427429,0.850046694,0.087086849,0.792875171,0.832396746,0.296846688,0.389274508,-0.395389467,-0.761657715,2.970618963,0.525945067,0.5556,0.529477537
101,Honduras,2017,6.019985676,8.404379845,0.84335494,63.75267029,0.898377419,0.080074072,0.783429444,0.842200935,0.248383343,0.495585024,NA,NA,2.963586092,0.492291212,0.5556,0.561559021
102,Hong Kong S.A.R. of China,2016,5.498420715,10.90189648,0.83207792,76.26802826,0.799743414,0.082167558,0.40281257,0.664092779,0.213114589,0.449610382,0.55514127,1.821865916,1.819238186,0.330865592,NA,0.513228953
103,Hong Kong S.A.R. of China,2017,5.362474918,10.91716671,0.83106631,76.53636169,0.830657244,0.122934707,0.415810198,0.63953346,0.200593412,0.545040727,NA,NA,1.784559488,0.33278653,NA,0.471278399
104,Hungary,2016,5.448901653,10.15244865,0.899511576,67.01950836,0.55395174,-0.198393941,0.924185812,0.66591078,0.24332577,0.30377233,0.542590141,0.411992431,1.845377684,0.338669658,0.296818182,0.301498115
105,Hungary,2017,6.065038681,10.19323826,0.876747549,67.193367,0.661165953,-0.150793031,0.886361301,0.735184252,0.180921271,0.377770513,NA,NA,1.792409182,0.295531362,0.296818182,0.330753207
106,Iceland,2016,7.510034561,10.72054195,0.984940052,72.75598145,0.951609552,0.272110164,0.719299555,0.873887897,0.158169165,0.363518298,1.33810854,1.545734048,1.571246386,0.20921959,0.280090909,0.340639085
107,Iceland,2017,7.476213932,10.76040936,0.966752827,72.75598145,0.938783288,0.235478714,0.726845384,0.895254552,0.148160011,0.365041941,NA,NA,1.630090833,0.21803695,0.280090909,0.332437903
108,India,2016,4.179177284,8.714838028,0.613529384,59.25857925,0.820068777,0.033288639,0.764722109,0.69450444,0.345681459,0.732104599,-0.270197809,-0.144698903,1.74134922,0.416672736,0.352,0.393607318
109,India,2017,4.046111107,8.768456459,0.606767476,59.50262833,0.88585043,-0.0545028,0.780802786,0.682090998,0.317936778,0.8392784,NA,NA,1.65982759,0.410227895,0.352,0.380112171
110,Indonesia,2016,5.136325359,9.284013748,0.791830599,60.43583679,0.82994163,0.485145062,0.889677405,0.832811952,0.341573596,0.80088073,-0.117177516,-0.213059276,2.546778202,0.495836616,0.395,0.413669288
111,Indonesia,2017,5.098401546,9.322167397,0.795589209,60.58441544,0.865026295,0.472973853,0.900416434,0.862584174,0.319171578,0.825765371,NA,NA,2.3251791,0.45606041,0.395,0.449708253
112,Iran,2016,4.652730942,9.825400352,0.566281199,65.73584747,0.773303747,0.150406659,0.712782621,0.686764956,0.52587682,0.709471166,-1.065353274,-0.715637684,2.542438507,0.546440065,0.4132,0.524211705
113,Iran,2017,4.716783047,9.853448868,0.714232922,65.96455383,0.730635166,0.182735115,0.714941323,0.693666041,0.438533902,NA,NA,NA,2.497179031,0.529424191,0.4132,0.852039635
114,Iraq,2016,4.412537098,9.685761452,0.718956709,60.86371613,0.666160166,-0.091289066,0.798866451,0.488692015,0.569758058,0.418604314,-1.643929005,-1.371656775,2.948788166,0.668274999,0.2905,0.548373163
115,Iraq,2017,4.462399006,9.622719765,0.695109367,61.04584503,0.627722025,-0.038429033,0.757108808,0.505288541,0.59053874,0.424050778,NA,NA,2.899484873,0.649759233,0.2905,0.55036813
116,Ireland,2016,7.04073143,11.05076122,0.958144009,71.57509613,0.874589145,0.161003679,0.398544312,0.809203029,0.211063311,0.574739754,1.085432649,1.564082265,1.843073368,0.26177299,0.325545455,0.36578542
117,Ireland,2017,7.060155392,11.06648731,0.943481982,71.70978546,0.905341148,0.206801742,0.33708474,0.833388925,0.212784126,0.603799641,NA,NA,1.761334419,0.2494753,0.325545455,0.367454171
118,Israel,2016,7.159010887,10.39464664,0.889660776,71.95502472,0.772297323,0.144781038,0.804056585,0.629189372,0.263090223,0.43813318,-0.027976096,1.185869336,1.66659677,0.232797071,0.411,0.306069046
119,Israel,2017,7.331036091,10.40613174,0.916440845,71.86508179,0.768076301,0.137158513,0.792652249,0.673591316,0.276443154,0.389368147,NA,NA,1.522682905,0.20770365,0.411,0.245601237
120,Italy,2016,5.95452404,10.45493507,0.927212834,73.7829895,0.623741627,-0.088797256,0.902801216,0.685422838,0.339173585,0.23759909,0.694441795,0.386021525,1.871863604,0.314359903,0.341272727,0.397048205
121,Italy,2017,6.198870182,10.4724741,0.919791222,74.13479614,0.632843256,-0.043380704,0.866667926,0.661180735,0.322846144,0.230196297,NA,NA,1.927246571,0.310902864,0.341272727,0.346708387
122,Ivory Coast,2016,4.542545795,8.138788223,0.617400765,46.52892685,0.768789351,-0.027511623,0.757453382,0.70361656,0.378029406,0.714816749,-0.593027055,-0.560975373,2.462603807,0.542119741,0.420666667,0.550322711
123,Ivory Coast,2017,5.037734985,8.180943489,0.661375344,46.98994064,0.732097924,-0.095353842,0.770940244,0.697735488,0.35745579,0.516654313,NA,NA,2.612090111,0.518504858,0.420666667,0.557953954
124,Jamaica,2017,5.889759064,9.025864601,0.91302985,65.81879425,0.860676348,-0.130832732,0.882796168,0.769282162,0.243399635,0.348201752,NA,NA,2.399337769,0.407374531,0.469,0.56453526
125,Japan,2016,5.954650879,10.55195904,0.899773836,75.08885193,0.836064637,-0.079771206,0.697639346,0.76010859,0.192402646,0.362200648,1.004748583,1.537288904,1.898952603,0.318902433,0.321,0.329055846
126,Japan,2017,5.910676479,10.56816864,0.881961286,75.31729126,0.849396586,-0.223296791,0.659198642,0.740387619,0.17551218,0.412489951,NA,NA,1.950256944,0.329954952,0.321,0.42615369
127,Jordan,2016,5.27128458,9.034749031,0.819944739,64.29154205,0.771350622,-0.038151234,NA,0.640657842,0.311913371,NA,-0.644290686,0.192616478,2.675685644,0.507596493,0.343,0.369783759
128,Jordan,2017,4.808082581,9.025333405,0.814664543,64.4178772,0.766262472,-0.151522875,NA,0.627798378,0.391505182,NA,NA,NA,2.523892403,0.52492702,0.343,0.363606215
129,Kazakhstan,2016,5.533551693,10.0623312,0.927810669,63.86470795,0.782805562,-0.051563937,0.702016652,0.702479124,0.15541473,0.759726167,-0.622102797,-0.345599562,2.01249814,0.363690138,0.295066667,0.339127779
130,Kazakhstan,2017,5.882351398,10.0718708,0.914093196,64.19999695,0.745243967,-0.049178492,0.755250692,0.756762207,0.171486408,0.755705774,NA,NA,1.745323777,0.296705127,0.295066667,0.337242872
131,Kenya,2016,4.396127701,7.981255054,0.70592159,58.29753876,0.748508275,0.314662308,0.828411579,0.742762327,0.225647658,0.577654064,-0.737279534,-0.510546505,2.43389678,0.553645611,0.485,0.556292892
132,Kenya,2017,4.475654125,8.01025486,0.714604318,58.68983841,0.853394389,0.250179261,0.85400039,0.788452208,0.230210304,0.637862563,NA,NA,2.532363415,0.565808535,0.485,0.521331966
133,Kosovo,2016,5.759412289,9.164076805,0.82380271,62.17642975,0.827398598,0.117103048,0.940897942,0.703886986,0.14960672,0.313764572,NA,NA,2.297620058,0.398933083,NA,0.407474339
134,Kosovo,2017,6.149199963,NA,0.792087257,62.39247894,0.857676744,NA,0.92519182,0.738435566,0.185879096,0.298196137,NA,NA,2.432453156,0.395572305,NA,0.402043372
135,Kuwait,2016,5.947194576,11.13985634,0.845222056,65.27143097,0.840967178,-0.115944043,NA,0.688287258,0.314922988,NA,-0.420880616,-0.106411517,2.360634089,0.396932393,NA,0.538838744
136,Kuwait,2017,6.093905449,11.11179256,0.853491306,65.37895966,0.884181619,-0.048504289,NA,0.692071915,0.307320803,NA,NA,NA,2.355753183,0.386575282,NA,0.591861427
137,Kyrgyzstan,2016,4.856534004,8.099241257,0.914375484,62.67971039,0.813939214,0.078918613,0.916922808,0.778171241,0.126099676,0.527570188,-0.572721183,-0.856262386,1.919352412,0.395210326,0.306375,0.401855767
138,Kyrgyzstan,2017,5.629536629,8.11204052,0.882586658,62.89964676,0.859389782,0.166667372,0.874494493,0.755125225,0.160438314,0.561672747,NA,NA,1.901391029,0.33775267,0.306375,0.382150888
139,Laos,2017,4.623140812,8.708567619,0.70733577,57.8695755,0.891000748,0.076482594,0.591616809,0.872791767,0.344225883,0.839935005,NA,NA,1.881973863,0.407076895,0.348,0.585087001
140,Latvia,2016,5.940446377,10.0739727,0.917073965,65.10926056,0.685299277,-0.164454147,0.867639601,0.653751254,0.231383532,0.315261304,0.6312989,0.879815161,1.705120325,0.287035733,0.362,0.384025455
141,Latvia,2017,5.977817535,10.1330328,0.895098746,65.10926056,0.699520111,-0.163831443,0.79837811,0.623312771,0.231753111,0.264000505,NA,NA,1.814803123,0.303589582,0.362,0.36218524
142,Lebanon,2016,5.27072382,9.493102074,0.827885926,68.71556854,0.657357454,0.030867048,0.853114486,0.552651107,0.263445616,0.137951434,-1.038987398,-0.674152195,2.212087393,0.419693291,0.318,0.322835147
143,Lebanon,2017,5.153989792,9.491579056,0.776583016,68.8638916,0.604554176,-0.075028144,0.910727262,0.515443921,0.243549213,0.217718095,NA,NA,1.929767609,0.374422073,0.318,0.326644003
144,Lesotho,2016,3.808204889,7.914381981,0.798059285,46.48040009,0.729489863,-0.100786686,0.742873371,0.732465565,0.27028349,0.609269023,-0.109219924,-0.34722355,3.102682352,0.814736187,0.529,0.676437318
145,Liberia,2016,3.354676008,6.624804974,0.642614603,52.38512802,0.763476014,0.086077176,0.901267469,0.635527551,0.509046674,0.544246912,-0.320883244,-0.987271547,2.625506639,0.782640874,0.3485,0.558121264
146,Liberia,2017,4.424490929,6.629414082,0.684866846,52.78684998,0.733389914,0.04057676,0.866806388,0.667946458,0.39133054,0.554991543,NA,NA,3.393739939,0.767035127,0.3485,0.590849876
147,Libya,2016,5.43358326,9.625382423,0.87606585,61.38998795,0.822384834,-0.130131885,NA,0.71778506,0.383073747,NA,-1.790413499,-1.900852084,2.687953711,0.494692653,NA,0.480711341
148,Libya,2017,5.646852493,NA,0.822758794,61.48470688,0.778695881,NA,0.673065543,0.69704932,0.379374176,NA,NA,NA,2.507787943,0.444103688,NA,0.586069345
149,Lithuania,2016,5.865552425,10.2365284,0.937873363,66.51252747,0.614239335,-0.275435746,0.949392676,0.594167292,0.249855742,0.279638559,0.892637491,0.977511108,1.906200886,0.324982315,0.353090909,0.355488271
150,Lithuania,2017,6.272940636,10.28265762,0.926316619,67.04169464,0.749307334,-0.182276621,NA,0.607613146,0.19511883,0.32124728,NA,NA,2.175804377,0.346855581,0.353090909,0.428504139
151,Luxembourg,2016,6.967340946,11.45915508,0.941260576,72.2013092,0.882365346,0.005297689,0.356336325,0.757949769,0.192300707,0.678977847,1.421888709,1.801322937,1.389065146,0.199368045,0.315363636,0.311804265
152,Luxembourg,2017,7.061380863,11.46523094,0.905435503,72.2013092,0.90282172,0.029771445,0.330173582,0.765816867,0.184467003,0.73892206,NA,NA,1.424475908,0.201727673,0.315363636,0.292349696
153,Macedonia,2016,5.34574604,9.476909637,0.871212244,65.7313385,0.706179321,0.077230327,0.869719028,0.638737202,0.292294681,0.256954134,-0.308208942,-0.02103078,2.175041437,0.406873316,0.390166667,0.524655521
154,Macedonia,2017,5.233866692,9.50363636,0.79995513,65.8757782,0.752106607,-0.062728427,0.855697274,0.502459884,0.299390584,0.442916453,NA,NA,2.111887217,0.403504193,0.390166667,0.371204376
155,Madagascar,2016,3.663085938,7.241845608,0.746496975,56.64513779,0.569645405,-0.061459843,0.864171147,0.813191354,0.204255417,0.490199178,-0.333081782,-0.873781383,1.532528877,0.418370992,0.431,0.479676157
156,Madagascar,2017,4.078620434,7.249253273,0.626331985,56.99448395,0.570347905,-0.025507912,0.847260773,0.751698077,0.374838024,0.541916132,NA,NA,2.328914881,0.571005523,0.431,0.57831651
157,Malawi,2016,3.476492643,6.988229752,0.524299622,53.61874771,0.809884131,0.062750474,0.823615015,0.603104591,0.32473892,0.552534401,-0.011598717,-0.675825953,2.231857777,0.641985476,0.43,0.525955856
158,Malawi,2017,3.416862965,7.00270319,0.555422723,54.23464203,0.847920775,0.021560058,0.734636605,0.608666539,0.312088341,0.620332539,NA,NA,2.760293245,0.807844281,0.43,0.57405597
159,Mali,2016,4.016027927,7.586338997,0.836254537,48.78207016,0.696007371,-0.064837813,0.862326682,0.806901336,0.305299431,0.524199367,-0.864825547,-0.757015526,1.773323536,0.44156155,0.372666667,0.438034266
160,Mali,2017,4.741850376,7.608559132,0.741359413,49.17869949,0.753213346,-0.064547285,0.862655163,0.741835773,0.392784148,0.504820108,NA,NA,2.511667967,0.529680967,0.372666667,0.549026549
161,Malta,2016,6.590842247,10.48412037,0.930369377,71.82951355,0.916023612,0.333253354,0.696494639,0.687271595,0.355443776,0.618818283,1.138802528,0.974427104,1.875335813,0.2845366,NA,0.401275814
162,Malta,2017,6.675665855,10.50269985,0.937331796,71.82951355,0.923642933,0.241762459,0.690494537,0.720753372,0.302443117,0.75200516,NA,NA,1.994550347,0.298779249,NA,0.41963762
163,Mauritania,2016,4.472149372,8.180959702,0.784826875,53.18717194,0.466561466,-0.156557575,0.841835141,0.734556079,0.221666142,0.208929226,-0.783127666,-0.777293861,2.17881608,0.487196624,0.36825,0.456840456
164,Mauritania,2017,4.678159714,8.187707901,0.77922523,53.33533859,0.527446806,-0.134765625,0.777314067,0.637107074,0.272321939,0.292109728,NA,NA,2.130549908,0.455424786,0.36825,0.433928311
165,Mauritius,2016,5.610003471,9.881625175,0.836032152,65.44968414,0.819175661,0.126588583,0.890661359,0.784898281,0.245711893,0.565379262,0.955853879,0.777220905,2.085884809,0.371815234,0.3575,0.386705786
166,Mauritius,2017,6.174117565,9.914654732,0.910142243,65.5891571,0.912307501,0.073929414,0.818179905,0.747760177,0.168721184,0.614670753,NA,NA,2.247790575,0.36406669,0.3575,0.415626824
167,Mexico,2016,6.824172974,9.731064796,0.893492579,67.93761444,0.751613081,-0.157982796,0.808579445,0.859106421,0.219571486,0.277944058,-0.427138358,-0.209451661,1.959457278,0.287134767,0.48475,0.432634264
168,Mexico,2017,6.410299301,9.741969109,0.799839377,68.09822845,0.861405134,-0.206639215,0.800893068,0.842642307,0.230990887,0.25695315,NA,NA,2.236207247,0.348845989,0.48475,0.438771129
169,Moldova,2016,5.577784061,8.505997658,0.83732146,63.51531601,0.557369471,0.000913991,0.969482958,0.621101141,0.274551123,0.084061243,-0.154610381,-0.556683362,1.853713512,0.332338691,0.3299375,0.37286514
170,Moldova,2017,5.325530529,8.545788765,0.83076793,63.70124435,0.552825212,-0.003178872,0.926333785,0.581488788,0.259477794,0.132729635,NA,NA,1.885169268,0.353987128,0.3299375,0.433169961
171,Mongolia,2016,5.056999683,9.337942123,0.947489381,62.10371399,0.759740949,0.073655866,0.900452137,0.694095433,0.171171755,0.349382877,0.635155261,-0.227193967,1.692159295,0.334617257,0.335833333,0.386413842
172,Mongolia,2017,5.333850384,9.318548203,0.924250782,62.31261063,0.674627423,0.106451347,0.864952207,0.675165296,0.213599518,0.275058359,NA,NA,2.095161676,0.392804742,0.335833333,0.389351517
173,Montenegro,2016,5.304066181,9.662998199,0.865743697,66.94638824,0.568633676,-0.090254776,0.848966599,0.59142518,0.336675465,0.325959235,0.120648876,0.046508446,2.228291512,0.420110047,0.3093,0.356859386
174,Montenegro,2017,5.614798546,9.694497108,0.881199837,67.14218903,0.625906289,-0.084890783,0.755680025,0.519128144,0.349785089,0.351549894,NA,NA,2.207511902,0.393159598,0.3093,0.352438509
175,Morocco,2016,5.38630724,8.890939713,0.655409336,65.11118317,0.816556096,-0.249711856,0.717356145,0.712659359,0.205413148,NA,-0.466077298,-0.157363087,2.143992424,0.398044944,0.4065,0.528209746
176,Morocco,2017,5.312482834,8.915043831,0.641193092,65.33885956,0.814258039,-0.227919385,0.840502441,0.559288204,0.322715908,NA,NA,NA,2.287168264,0.43052718,0.4065,0.527966917
177,Mozambique,2017,4.279863358,7.046577454,0.678463697,49.9577446,0.822670519,-0.021502597,0.682108939,0.648381412,0.353176504,0.759234369,NA,NA,2.985019922,0.697456837,0.463,0.608845353
178,Myanmar,2016,4.623119831,8.576414108,0.793461978,57.48713303,0.877491176,0.65864408,0.607286572,0.804009914,0.301501393,0.924319088,-0.744200706,-0.870932102,1.850762725,0.400327653,0.381,0.426540643
179,Myanmar,2017,4.154341698,8.634504318,0.795183837,57.64122009,0.886011839,0.62870574,0.618821502,0.74564749,0.282285541,0.82417655,NA,NA,2.233865976,0.537718415,0.381,0.424162179
180,Namibia,2017,4.441306114,9.203362465,0.82833904,55.49542618,0.810401857,-0.20176585,0.831302881,0.72067821,0.277252167,0.745853603,NA,NA,2.739773273,0.616884589,0.6215,0.602735937
181,Nepal,2016,5.099539757,7.739643097,0.837043643,60.94416428,0.839488447,0.181324169,0.81711489,0.627351165,0.369661748,0.490016222,-0.51362282,-0.793513,2.4420259,0.478871822,0.383,0.483672142
182,Nepal,2017,4.736692429,7.801309109,0.816383302,61.26595688,0.84514761,0.146511137,0.770177126,0.570577025,0.375977933,0.559578538,NA,NA,2.468453646,0.521134436,0.383,0.463746637
183,Netherlands,2016,7.540877342,10.76432228,0.925944209,71.61999512,0.907310009,0.22616823,0.43330425,0.838432372,0.214850739,0.572273314,1.184740663,1.915633917,1.28147161,0.169936672,0.286909091,0.417054057
184,Netherlands,2017,7.458965302,10.79181385,0.936501324,71.61999512,0.920319736,0.237440467,0.363133639,0.852184892,0.184519842,0.669553638,NA,NA,1.318479896,0.176764444,0.286909091,0.44193548
185,New Zealand,2016,7.225687981,10.47082806,0.93660289,71.56868744,0.926576018,0.256222397,0.278270781,0.832944691,0.207413629,0.569690168,1.467140079,2.029567957,1.740498543,0.240876511,NA,0.419764876
186,New Zealand,2017,7.32718277,10.47576237,0.95492065,71.61430359,0.942279458,0.28505671,0.221887484,0.817431271,0.171716571,0.609015465,NA,NA,1.650335789,0.225234702,NA,0.446442187
187,Nicaragua,2016,6.012739658,8.544193268,0.852702439,66.01926422,0.716534257,0.039651159,0.731464922,0.805123985,0.380347282,0.586549759,-0.400105834,-0.67397368,2.800153732,0.465703458,0.48275,0.416087627
188,Nicaragua,2017,6.476356506,8.575318336,0.83804369,66.25178528,0.922162771,0.010326705,0.672963321,0.849764168,0.308447897,0.590425193,NA,NA,2.657253265,0.410300642,0.48275,0.442813009
189,Niger,2016,4.234645844,6.818341255,0.682828248,50.9519043,0.701927304,0.002531102,0.814493895,0.674858928,0.325441957,0.572467506,-0.711487949,-0.637474775,2.279543877,0.538308024,0.368,0.474756449
190,Niger,2017,4.615673542,6.831231594,0.582109571,51.32594299,0.68355757,-0.012236271,0.777660012,0.731161416,0.426522374,0.601117253,NA,NA,2.780397892,0.602381825,0.368,0.65929687
191,Nigeria,2016,5.219567776,8.60056591,0.804766953,45.50125122,0.797690511,0.032186322,0.904706836,0.731986105,0.2518363,0.414326072,-1.074466944,-1.025677562,2.519959211,0.482790768,0.4155,0.500532091
192,Nigeria,2017,5.321928024,8.58562088,0.733468533,45.8731575,0.825905561,0.113301486,0.834891975,0.724990547,0.235968769,0.558790743,NA,NA,2.947903156,0.553916395,0.4155,0.46859923
193,North Cyprus,2016,5.827127934,NA,0.807690263,NA,0.796233833,NA,0.670191407,0.64366436,0.346465379,0.440594882,NA,NA,1.857637882,0.31879133,NA,0.293435723
194,Norway,2016,7.596331596,11.06943226,0.959742844,71.086586,0.954352319,0.106471196,0.409666121,0.849625945,0.209262192,0.657646239,1.374089599,1.950178385,1.579264879,0.207898363,0.271727273,0.349659204
195,Norway,2017,7.578744888,11.08178902,0.950127661,71.086586,0.953016818,0.210104033,0.249711379,0.849099994,0.202913806,0.717159748,NA,NA,1.621726036,0.213983461,0.271727273,0.328113139
196,Pakistan,2016,5.548508167,8.487689018,0.626921296,57.30535889,0.634182811,0.079944424,0.79253006,0.647639751,0.33161667,0.455683172,-1.57769084,-0.740906477,1.956958294,0.352699906,0.312571429,0.323328614
197,Pakistan,2017,5.830870628,8.519006729,0.690263569,57.46299744,0.712657094,0.030328112,0.713928223,0.586166978,0.308341086,0.557435155,NA,NA,1.778067946,0.304940373,0.312571429,0.411645055
198,Palestinian Territories,2016,4.906618118,8.46180439,0.817770958,62.95499802,0.607669413,-0.13439247,0.812464654,0.592769146,0.377641797,0.463771552,NA,NA,2.375508785,0.484143823,NA,0.420557737
199,Palestinian Territories,2017,4.62813282,NA,0.824345112,63.07249832,0.631611288,NA,0.830646336,0.596765578,0.416072041,0.414400935,NA,NA,2.521674156,0.5448578,NA,0.478864819
200,Panama,2016,6.117638111,9.968101501,0.882460237,67.87834167,0.884479761,-0.096953698,0.836976767,0.857623577,0.244131789,0.329894483,0.481653512,0.021204807,2.645735741,0.43247667,0.53675,0.534175694
201,Panama,2017,6.567658901,10.00271416,0.911904812,68.04541016,0.899573505,-0.164080471,0.840777099,0.832688808,0.242319331,0.390996099,NA,NA,2.677187681,0.407631963,0.53675,0.474342674
202,Paraguay,2016,5.801380157,9.090585709,0.93986696,63.39973068,0.853534281,-0.06036834,0.756116271,0.924560964,0.197176188,0.284559757,0.080769531,-0.621826768,1.960702538,0.337971747,0.519066667,0.476457238
203,Peru,2016,5.700628757,9.398610115,0.802856445,65.2088089,0.829843879,-0.145887688,0.86591959,0.821674764,0.338006854,0.281923383,0.06017337,-0.127632126,2.373939276,0.416434646,0.4891875,0.480143815
204,Peru,2017,5.710936546,9.413349152,0.830123365,65.40724182,0.826552153,-0.166747421,0.895384133,0.789390862,0.393873721,0.254595339,NA,NA,2.594314098,0.454271227,0.4891875,0.479469627
205,Philippines,2016,5.430832863,8.886888504,0.821298718,60.13003159,0.907595754,-0.077418268,0.791962206,0.820969462,0.290232718,0.771626711,-0.579913437,-0.235285416,2.470617771,0.454924285,0.418833333,0.533455908
206,Philippines,2017,5.594270229,8.938967705,0.851028562,60.25149155,0.925703108,-0.147851661,0.711165547,0.768981457,0.340621501,0.83773005,NA,NA,2.597185135,0.464258075,0.418833333,0.503399193
207,Poland,2016,6.162076473,10.16781044,0.91739881,68.57260132,0.870707512,-0.102382511,0.847753942,0.77662462,0.223536044,0.382713199,0.67418617,0.767235398,1.84584868,0.299549788,0.334733333,0.312157542
208,Poland,2017,6.201268196,10.21113968,0.881854117,69.09680176,0.830842614,-0.133134007,NA,0.677435517,0.203387797,0.502480447,NA,NA,1.627442837,0.262437105,0.334733333,0.260087878
209,Portugal,2016,5.446637154,10.20746899,0.90463537,71.80812836,0.83806932,-0.23237966,0.922192395,0.683566213,0.326252729,0.354542404,1.095024586,1.038751483,2.132012844,0.391436547,0.367,0.45052737
210,Portugal,2017,5.711499214,10.23670864,0.899984837,72.15874481,0.905065656,-0.182598397,0.880970538,0.649151087,0.294272572,0.501088142,NA,NA,2.205086708,0.386078447,0.367,0.44552809
211,Romania,2016,5.96887064,9.980818748,0.809229195,66.85708618,0.8217206,-0.121515714,0.949044526,0.694415331,0.257763505,0.181354657,0.391211659,0.179332837,2.199886322,0.368559897,0.290928571,0.372027576
212,Romania,2017,6.089904785,10.02889156,0.811240137,66.85708618,0.838586688,-0.164420739,0.925658047,0.733730376,0.230836198,0.298341334,NA,NA,2.141298056,0.351614386,0.290928571,0.4121176
213,Russia,2016,5.85494566,10.08689213,0.910927355,62.83301926,0.713606298,-0.194762796,0.925462723,0.636298656,0.142497227,0.584303796,-1.052689075,-0.572887778,2.090198994,0.356997162,0.39925,0.365685463
214,Russia,2017,5.578742981,10.10368347,0.896151304,62.97878265,0.73087424,-0.158567786,0.861590207,0.710230231,0.194560528,0.556597233,NA,NA,2.124688625,0.380854368,0.39925,0.377679735
215,Rwanda,2016,3.332989931,7.48085165,0.665130913,56.80096817,0.910736382,0.029825214,0.158601388,0.752310693,0.285384238,0.993604362,-0.632573783,0.244016424,1.895575166,0.568731129,0.5055,0.602567494
216,Saudi Arabia,2016,6.473921299,10.82890034,0.889932334,63.93227768,0.774267733,-0.157428324,NA,0.792998552,0.266292661,NA,-1.136798382,0.253979713,2.070084572,0.319757462,NA,0.582817852
217,Saudi Arabia,2017,6.294282436,10.81198788,0.840086281,64.08374023,0.814142168,-0.156905413,NA,0.7748757,0.305841893,NA,NA,NA,2.508923054,0.398603499,NA,0.451889485
218,Senegal,2016,4.59453392,7.774625301,0.838994384,57.63402557,0.743729651,-0.071341716,0.794353724,0.783817947,0.244851768,0.630876184,0.053708926,-0.206532046,1.815144658,0.395066112,0.402333333,0.422206491
219,Senegal,2017,4.683024883,7.811985493,0.743759334,57.98087692,0.686937034,-0.029066099,0.825241864,0.745732069,0.290836066,0.61072278,NA,NA,2.007637501,0.428705275,0.402333333,0.436694503
220,Serbia,2016,5.752754688,9.526796341,0.894894958,65.55382538,0.614370823,-0.070948005,0.889765203,0.534827054,0.298126608,0.450123101,0.130402133,-0.070651695,2.436187744,0.423481941,0.3059,0.349061996
221,Serbia,2017,5.122031212,9.561537743,0.883770406,65.68487549,0.684846342,-0.081415586,0.851457834,0.50972122,0.326407075,0.511197984,NA,NA,2.394509554,0.467492193,0.3059,0.366129756
222,Sierra Leone,2016,4.732953072,7.221711159,0.656723499,43.98784256,0.681202114,0.117161058,0.863264859,0.583939135,0.456180692,0.70091027,-0.14390333,-0.932833195,3.527820349,0.745374024,0.371,0.674809217
223,Sierra Leone,2017,4.089562416,7.253018379,0.652287126,44.38652802,0.710613549,0.08922568,0.848398328,0.600368202,0.495040029,0.73751694,NA,NA,2.59525919,0.634605587,0.371,0.583586097
224,Singapore,2016,6.033480644,11.30766296,0.925128222,75.72083282,0.903735638,0.125497803,0.047311153,0.823988736,0.110942468,0.930617273,0.622577965,2.072999477,1.302087903,0.215810403,NA,0.428276867
225,Singapore,2017,6.378437996,11.31704998,0.897349894,75.81240082,0.926127851,0.120411552,0.161790684,0.800114393,0.179324552,0.92699796,NA,NA,1.418072224,0.222322807,NA,0.564909577
226,Slovakia,2016,5.993163109,10.28273392,0.945179105,68.42127228,0.700098515,-0.077814296,0.916609168,0.774416089,0.232091576,0.372222155,0.782842278,0.677511692,1.916009426,0.319699198,0.267454545,0.282240212
227,Slovakia,2017,6.365509033,10.31394196,0.913386643,68.77391052,0.714224696,-0.072076842,0.920422673,0.788020432,0.21272248,0.34168008,NA,NA,1.897521973,0.298094302,0.267454545,0.292588055
228,Slovenia,2016,5.936821461,10.3067131,0.934487343,70.94329071,0.903551102,-0.062880538,0.838474393,0.626205564,0.271624178,0.249845102,0.996108115,0.911294937,2.107287884,0.354952216,0.249090909,0.360811561
229,Slovenia,2017,6.166837692,10.35351658,0.928187847,70.94329071,0.920862675,-0.033475116,0.828794718,0.615109682,0.285601437,0.239779726,NA,NA,1.982300639,0.321445256,0.249090909,0.359244138
230,Somalia,2016,4.667941093,NA,0.594416559,47.78492737,0.917322814,NA,0.44080174,0.891423166,0.193282232,0.700681686,-2.081905603,-2.126179695,2.17738986,0.466456145,NA,0.491746068
231,South Africa,2016,4.769739628,9.414111137,0.875389755,54.38278198,0.774136424,-0.081525691,0.812858999,0.785723627,0.301327765,0.483122289,0.256476521,0.151557788,2.779821396,0.582803607,0.6225,0.568359911
232,South Africa,2017,4.513655186,9.405202866,0.870313287,55.22930908,0.787427902,-0.139256224,0.864781916,0.784800708,0.268175244,0.423274219,NA,NA,2.419569492,0.536055446,0.6225,0.565037489
233,South Korea,2016,5.970564365,10.46269894,0.811163485,74.04169464,0.590956032,0.015434954,0.861816347,0.676223397,0.232732683,0.237081572,0.398182631,0.924594283,2.129230738,0.356621355,0.319,0.388548255
234,South Korea,2017,5.873887062,10.48973465,0.806929946,74.04169464,0.538113713,0.003354594,0.850690424,0.623377562,0.234825626,0.358582199,NA,NA,2.075729609,0.353382617,0.319,0.393612236
235,South Sudan,2016,2.888112307,7.461285591,0.532151818,49.5784874,0.439919025,0.01706657,0.785317779,0.614770651,0.549256921,0.456287563,-2.044661045,-1.846153021,2.909562349,1.007426977,0.463,0.740203083
236,South Sudan,2017,2.816622496,NA,0.556822658,50.02017212,0.456011087,NA,0.761269629,0.585602164,0.517363787,0.461550504,NA,NA,2.736837626,0.971673548,0.463,0.703007579
237,Spain,2016,6.318612099,10.41478729,0.941736817,74.36359406,0.768173754,-0.057693832,0.818558574,0.652816117,0.300829351,0.302516669,0.773103893,0.906595349,1.606149554,0.254193395,0.344545455,0.384632498
238,Spain,2017,6.230173111,10.44522285,0.903158188,74.49821472,0.755560756,-0.042156253,0.791268766,0.625055611,0.302387655,0.269585967,NA,NA,1.80572176,0.289834917,0.344545455,0.378949553
239,Sri Lanka,2017,4.330945492,9.377954483,0.822770596,65.29253387,0.827077389,0.084577233,0.844210029,0.794951618,0.269727528,0.517589927,NA,NA,2.230376005,0.514985919,0.39225,0.427296966
240,Sweden,2016,7.368744373,10.75068665,0.912060678,72.74526978,0.918036401,0.131626412,0.246182442,0.815695107,0.200606912,0.485791326,1.241599798,1.976513028,1.63049984,0.221272409,0.267454545,0.425117075
241,Sweden,2017,7.286804676,10.77040577,0.914016783,73.00654602,0.934582114,0.155486837,0.239366919,0.81354779,0.175066829,0.559461951,NA,NA,1.777176857,0.243889734,0.267454545,0.346856117
242,Switzerland,2016,7.458519936,10.95832348,0.927628279,73.17375946,0.933947086,0.075722456,0.301562965,0.779470801,0.206316724,0.798536718,1.39024353,1.980968714,1.694410086,0.227177799,0.327571429,0.510792732
243,Switzerland,2017,7.473593235,10.95554829,0.949661374,73.17375946,0.924996912,0.167874664,0.316183478,0.773997068,0.195871487,0.819706738,NA,NA,1.544615626,0.206676438,0.327571429,0.295817792
244,Taiwan Province of China,2016,6.512850761,NA,0.894989252,70.97999573,0.718925178,NA,0.810521007,0.83315289,0.108305417,0.404713333,0.981160998,1.163956642,1.964969754,0.301706553,NA,0.396370918
245,Taiwan Province of China,2017,6.359450817,NA,0.891119123,71.20999908,0.75965476,NA,0.742780089,0.837277293,0.114123158,0.322822392,NA,NA,1.869602203,0.293987989,NA,0.381671965
246,Tajikistan,2016,5.103721142,7.923922062,0.856656969,62.81229782,0.703026891,0.00938015,0.631887853,0.644484639,0.219799668,0.844887733,-1.232459188,-1.091291428,1.673879862,0.327972442,0.31875,0.336324602
247,Tajikistan,2017,5.829234123,7.956589699,0.662693322,62.97124863,0.832002461,0.124936186,0.71833688,0.602667689,0.277725339,0.92979306,NA,NA,2.212850571,0.379612565,0.31875,0.367954314
248,Tanzania,2016,2.90273428,7.856814861,0.63775593,55.99645233,0.77548492,0.170367196,0.739247262,0.693552375,0.245985955,0.899560869,-0.293201685,-0.470676929,2.513808489,0.866014004,0.384666667,0.607147813
249,Tanzania,2017,3.347121239,7.896313667,0.705010295,56.66548538,0.800495505,0.106598906,0.653606057,0.714645505,0.255335689,0.913339019,NA,NA,2.683667421,0.801783741,0.384666667,0.549375236
250,Thailand,2016,6.07363987,9.660334587,0.907543659,66.23931885,0.924145699,0.345258892,0.877978384,0.834758341,0.217879668,0.645925045,-1.015279174,0.028222356,2.232674599,0.367600769,0.402636364,0.475905448
251,Thailand,2017,5.938895226,9.688437462,0.877268732,66.41879272,0.922896802,0.202452391,0.883816779,0.81632179,0.231597617,0.605078816,NA,NA,2.243722439,0.377801329,0.402636364,0.513357759
252,Togo,2016,3.878578424,7.231366634,0.509440958,51.95782089,0.730286777,-0.002163592,0.815044165,0.604244173,0.482885897,0.485859901,-0.353067905,-0.809335232,2.548235893,0.657002568,0.437333333,0.499219447
253,Togo,2017,4.360805035,7.251669884,0.507805228,52.25727463,0.716694415,-0.037704486,0.725519598,0.614188969,0.425824255,0.48495236,NA,NA,2.494830608,0.572103202,0.437333333,0.552189291
254,Trinidad and Tobago,2017,6.191859722,10.32386494,0.916029036,61.73831177,0.859140456,-0.014604381,0.911336362,0.846467078,0.248098806,0.272540897,NA,NA,2.276676893,0.367688715,NA,0.415465385
255,Tunisia,2016,4.521453381,9.282848358,0.701822102,65.72189331,0.614438355,-0.179536998,0.810745656,0.612341106,0.378108263,0.347431242,-0.329550922,-0.19398506,2.132902622,0.471729428,0.381,0.388674706
256,Tunisia,2017,4.124342918,9.294288635,0.717381597,65.88056183,0.477956653,-0.233531162,0.868826747,0.420961887,0.377196848,0.250827312,NA,NA,2.214817524,0.537011027,0.381,0.414514333
257,Turkey,2016,5.326221943,10.07561111,0.879994631,65.57377625,0.64414674,-0.075362623,0.763706565,0.465150654,0.389962941,0.583728254,-1.316572189,-0.028506113,2.388296366,0.448403478,0.403076923,0.337579966
258,Turkey,2017,5.607262135,10.11937332,0.876467824,65.79473114,0.644434214,-0.246927157,0.670910537,0.449800909,0.312846124,0.586161256,NA,NA,1.626328588,0.290039688,0.403076923,0.326897621
259,Turkmenistan,2016,5.887051582,9.658122063,0.929032266,60.25903702,0.7485044,-0.020934045,NA,0.636388659,0.255499244,NA,-1.219764948,-1.56330049,1.15406096,0.196033776,NA,0.223470286
260,Turkmenistan,2017,5.229148865,9.702640533,0.908454895,60.39269257,0.720399201,0.04033754,NA,0.52088511,0.349627674,NA,NA,NA,1.43217814,0.273883611,NA,0.265776634
261,Uganda,2016,4.233261108,7.430756092,0.753540218,51.46006393,0.739409745,0.144682214,0.811069787,0.667976141,0.410066664,0.671565831,-0.717801034,-0.522682667,3.095494986,0.731231749,0.43325,0.655537009
262,Uganda,2017,4.000516891,7.442951202,0.739956141,51.76347733,0.772344112,0.071719982,0.81577003,0.703375638,0.400025725,0.655109107,NA,NA,2.673379421,0.668258488,0.43325,0.640636981
263,Ukraine,2016,4.028690338,8.944818497,0.884961367,63.17075348,0.5025419,0.028647501,0.891075134,0.588721693,0.219624251,0.125653401,-0.933315337,-0.654637218,2.041719675,0.50679487,0.266,0.385915518
264,Ukraine,2017,4.311067104,8.967859268,0.858324885,63.17335129,0.598875523,0.016125007,0.936764002,0.597112179,0.234763831,0.11093653,NA,NA,2.255383492,0.523161292,0.266,0.421145946
265,United Arab Emirates,2016,6.83095026,11.11443233,0.849379838,68.44501495,0.949119508,0.106182665,NA,0.775128484,0.244667903,NA,-0.340456009,1.137473464,2.145559549,0.314093858,NA,0.531380653
266,United Arab Emirates,2017,7.039419651,11.12180805,0.83552736,68.5815506,0.962016642,0.191113129,NA,0.795034885,0.207598448,NA,NA,NA,2.030040741,0.288381845,NA,0.600683749
267,United Kingdom,2016,6.8242836,10.57719326,0.954068184,71.79316711,0.821192145,0.239836901,0.458313286,0.775853157,0.22958678,0.40863207,0.808277428,1.719783783,1.628819704,0.23867996,0.342,0.382931799
268,United Kingdom,2017,7.103273392,10.58457565,0.937495291,72.05612946,0.812733293,0.281046003,0.418611348,0.758571804,0.20957242,0.440120846,NA,NA,1.615450263,0.227423355,0.342,0.372231811
269,United States,2016,6.803599834,10.88447571,0.896751285,69.7709198,0.757893085,0.12846604,0.738919556,0.80567354,0.264203817,0.297205657,0.728748739,1.493717551,1.972202778,0.289876372,0.4068,0.69331491
270,United States,2017,6.9917593,10.89986897,0.921002865,69.7709198,0.868496716,0.181657359,0.681191266,0.826555312,0.268269062,0.386535019,NA,NA,1.880687952,0.268986374,0.4068,0.610804379
271,Uruguay,2016,6.171485424,9.905831337,0.900380909,68.24830627,0.886371911,-0.085954465,0.676212788,0.84154886,0.283180267,0.423132598,1.140277624,0.747620761,2.31823349,0.37563622,0.4426,0.428162873
272,Uruguay,2017,6.336009979,9.917771339,0.91380167,68.38036346,0.897851646,-0.104762152,0.626581967,0.835861266,0.280323356,0.413032115,NA,NA,2.288598776,0.361205041,0.4426,0.399903923
273,Uzbekistan,2016,5.892539024,8.705972672,0.945102155,63.03154373,0.983803034,0.202184632,NA,0.841676295,0.146897659,0.978045106,-1.115213037,-1.136394501,2.330657482,0.395526856,0.348,0.564408362
274,Uzbekistan,2017,6.421447754,8.762778282,0.942131102,63.16617966,0.985177755,0.11402946,0.464641601,0.838989079,0.202737495,0.964690447,NA,NA,2.367688894,0.368715733,0.348,0.445986152
275,Venezuela,2016,4.041114807,9.534058571,0.901949286,64.74676514,0.457601577,-0.20690684,0.890124679,0.688201249,0.391754121,0.164021522,-1.080448508,-1.71533525,2.649299622,0.655586302,0.497166667,0.397182971
276,Vietnam,2016,5.062267303,8.692029953,0.876323581,66.07563782,0.894351125,-0.090151913,0.799240172,0.536225736,0.222550198,NA,-0.619271696,-0.19797565,1.767819405,0.349214941,0.364285714,0.436877966
277,Vietnam,2017,5.175278664,8.7426548,NA,66.24576569,NA,NA,NA,NA,NA,NA,NA,NA,1.750836015,0.338307589,0.364285714,0.466430068
278,Yemen,2016,3.825630903,7.751505375,0.775407016,54.79666519,0.532964051,-0.157162398,NA,0.469345391,0.227924526,0.267581195,-2.222765923,-1.642179132,2.105525494,0.550373375,0.357,0.411020756
279,Yemen,2017,3.253560066,NA,0.789555013,54.98103333,0.595190763,NA,NA,0.455181897,0.295063585,0.247786984,NA,NA,2.178544044,0.669587791,0.357,0.374521881
280,Zambia,2016,4.347543716,8.201649666,0.76704663,53.26715088,0.811574519,0.112272955,0.770643592,0.730679512,0.372240722,0.696891546,-0.058470815,-0.460032851,3.197226286,0.735409796,0.5274,0.68139255
281,Zambia,2017,3.932777405,8.211669922,0.74375391,53.80378342,0.823168576,0.129821524,0.739540637,0.684623301,0.387188882,0.717004061,NA,NA,2.650283098,0.673896015,0.5274,0.612799227
282,Zimbabwe,2016,3.7354002,7.538829327,0.768425405,51.8000679,0.732971489,-0.065283127,0.72361201,0.737635911,0.208554924,0.699344039,-0.863043964,-1.371214271,2.776363134,0.743257225,0.432,0.596690178
283,Zimbabwe,2017,3.63830018,7.538187027,0.754147053,52.67448425,0.752826095,-0.066004686,0.751208007,0.806428373,0.224051341,0.682646692,NA,NA,2.656847954,0.730244279,0.432,0.581483781